﻿{"ous":[{"Properties":{"highvalue":false,"name":"DOMAIN CONTROLLERS@THROWBACK.LOCAL","domain":"THROWBACK.LOCAL","objectid":"D2A5C51A-2BEA-40B2-B114-508002861A0B","distinguishedname":"OU=Domain Controllers,DC=THROWBACK,DC=local","description":"Default container for domain controllers","blocksinheritance":false},"Links":[{"IsEnforced":false,"Guid":"39B2CD9A-F036-42DE-8409-D73B14C07CE1"}],"ACLProtected":false,"Users":[],"Computers":["S-1-5-21-3906589501-690843102-3982269896-1008"],"ChildOus":[],"RemoteDesktopUsers":[],"LocalAdmins":[],"DcomUsers":[],"PSRemoteUsers":[],"ObjectIdentifier":"D2A5C51A-2BEA-40B2-B114-508002861A0B","Aces":[{"PrincipalSID":"S-1-5-21-3906589501-690843102-3982269896-512","PrincipalType":"Group","RightName":"Owner","AceType":"","IsInherited":false},{"PrincipalSID":"S-1-5-21-3906589501-690843102-3982269896-512","PrincipalType":"Group","RightName":"WriteDacl","AceType":"","IsInherited":false},{"PrincipalSID":"S-1-5-21-3906589501-690843102-3982269896-512","PrincipalType":"Group","RightName":"WriteOwner","AceType":"","IsInherited":false},{"PrincipalSID":"S-1-5-21-3906589501-690843102-3982269896-519","PrincipalType":"Group","RightName":"GenericAll","AceType":"","IsInherited":true},{"PrincipalSID":"S-1-5-21-3906589501-690843102-3982269896-1208","PrincipalType":"Unknown","RightName":"GenericAll","AceType":"","IsInherited":true},{"PrincipalSID":"THROWBACK.LOCAL-S-1-5-32-544","PrincipalType":"Group","RightName":"WriteDacl","AceType":"","IsInherited":true},{"PrincipalSID":"THROWBACK.LOCAL-S-1-5-32-544","PrincipalType":"Group","RightName":"WriteOwner","AceType":"","IsInherited":true}]},{"Properties":{"highvalue":false,"name":"STAGING@THROWBACK.LOCAL","domain":"THROWBACK.LOCAL","objectid":"0DA10FB9-F9D2-4358-8208-771DB1A49F04","distinguishedname":"OU=Staging,DC=THROWBACK,DC=local","description":null,"blocksinheritance":false},"Links":[],"ACLProtected":false,"Users":["S-1-5-21-3906589501-690843102-3982269896-1210","S-1-5-21-3906589501-690843102-3982269896-1134","S-1-5-21-3906589501-690843102-3982269896-1120","S-1-5-21-3906589501-690843102-3982269896-1117","S-1-5-21-3906589501-690843102-3982269896-1135","S-1-5-21-3906589501-690843102-3982269896-1133","S-1-5-21-3906589501-690843102-3982269896-1111"],"Computers":[],"ChildOus":[],"RemoteDesktopUsers":[],"LocalAdmins":[],"DcomUsers":[],"PSRemoteUsers":[],"ObjectIdentifier":"0DA10FB9-F9D2-4358-8208-771DB1A49F04","Aces":[{"PrincipalSID":"S-1-5-21-3906589501-690843102-3982269896-512","PrincipalType":"Group","RightName":"Owner","AceType":"","IsInherited":false},{"PrincipalSID":"S-1-5-21-3906589501-690843102-3982269896-512","PrincipalType":"Group","RightName":"GenericAll","AceType":"","IsInherited":false},{"PrincipalSID":"S-1-5-21-3906589501-690843102-3982269896-519","PrincipalType":"Group","RightName":"GenericAll","AceType":"","IsInherited":true},{"PrincipalSID":"S-1-5-21-3906589501-690843102-3982269896-1208","PrincipalType":"Unknown","RightName":"GenericAll","AceType":"","IsInherited":true},{"PrincipalSID":"THROWBACK.LOCAL-S-1-5-32-544","PrincipalType":"Group","RightName":"WriteDacl","AceType":"","IsInherited":true},{"PrincipalSID":"THROWBACK.LOCAL-S-1-5-32-544","PrincipalType":"Group","RightName":"WriteOwner","AceType":"","IsInherited":true}]},{"Properties":{"highvalue":false,"name":"GROUPS@THROWBACK.LOCAL","domain":"THROWBACK.LOCAL","objectid":"B5A0BF89-4062-4A05-A6F0-8792561D347C","distinguishedname":"OU=Groups,DC=THROWBACK,DC=local","description":null,"blocksinheritance":false},"Links":[],"ACLProtected":false,"Users":[],"Computers":[],"ChildOus":[],"RemoteDesktopUsers":[],"LocalAdmins":[],"DcomUsers":[],"PSRemoteUsers":[],"ObjectIdentifier":"B5A0BF89-4062-4A05-A6F0-8792561D347C","Aces":[{"PrincipalSID":"S-1-5-21-3906589501-690843102-3982269896-512","PrincipalType":"Group","RightName":"Owner","AceType":"","IsInherited":false},{"PrincipalSID":"S-1-5-21-3906589501-690843102-3982269896-512","PrincipalType":"Group","RightName":"GenericAll","AceType":"","IsInherited":false},{"PrincipalSID":"S-1-5-21-3906589501-690843102-3982269896-519","PrincipalType":"Group","RightName":"GenericAll","AceType":"","IsInherited":true},{"PrincipalSID":"S-1-5-21-3906589501-690843102-3982269896-1208","PrincipalType":"Unknown","RightName":"GenericAll","AceType":"","IsInherited":true},{"PrincipalSID":"THROWBACK.LOCAL-S-1-5-32-544","PrincipalType":"Group","RightName":"WriteDacl","AceType":"","IsInherited":true},{"PrincipalSID":"THROWBACK.LOCAL-S-1-5-32-544","PrincipalType":"Group","RightName":"WriteOwner","AceType":"","IsInherited":true}]},{"Properties":{"highvalue":false,"name":"QUARANTINE@THROWBACK.LOCAL","domain":"THROWBACK.LOCAL","objectid":"05926405-D675-421D-A5EC-5B6E7FE1F01D","distinguishedname":"OU=Quarantine,DC=THROWBACK,DC=local","description":null,"blocksinheritance":false},"Links":[],"ACLProtected":false,"Users":["S-1-5-21-3906589501-690843102-3982269896-1123","S-1-5-21-3906589501-690843102-3982269896-1136","S-1-5-21-3906589501-690843102-3982269896-1203"],"Computers":[],"ChildOus":[],"RemoteDesktopUsers":[],"LocalAdmins":[],"DcomUsers":[],"PSRemoteUsers":[],"ObjectIdentifier":"05926405-D675-421D-A5EC-5B6E7FE1F01D","Aces":[{"PrincipalSID":"S-1-5-21-3906589501-690843102-3982269896-512","PrincipalType":"Group","RightName":"Owner","AceType":"","IsInherited":false},{"PrincipalSID":"S-1-5-21-3906589501-690843102-3982269896-512","PrincipalType":"Group","RightName":"GenericAll","AceType":"","IsInherited":false},{"PrincipalSID":"S-1-5-21-3906589501-690843102-3982269896-519","PrincipalType":"Group","RightName":"GenericAll","AceType":"","IsInherited":true},{"PrincipalSID":"S-1-5-21-3906589501-690843102-3982269896-1208","PrincipalType":"Unknown","RightName":"GenericAll","AceType":"","IsInherited":true},{"PrincipalSID":"THROWBACK.LOCAL-S-1-5-32-544","PrincipalType":"Group","RightName":"WriteDacl","AceType":"","IsInherited":true},{"PrincipalSID":"THROWBACK.LOCAL-S-1-5-32-544","PrincipalType":"Group","RightName":"WriteOwner","AceType":"","IsInherited":true}]},{"Properties":{"highvalue":false,"name":"TIER 1@THROWBACK.LOCAL","domain":"THROWBACK.LOCAL","objectid":"33D32D70-6BF8-4411-8B7B-3735EDD46CAE","distinguishedname":"OU=Tier 1,DC=THROWBACK,DC=local","description":null,"blocksinheritance":false},"Links":[],"ACLProtected":false,"Users":[],"Computers":[],"ChildOus":["15E84941-5482-4B45-92A7-00CC6DF2D00F","F1CE1E0A-7011-448E-A4E6-1E94D81ADDBB","7748B3D2-93E6-4F46-8CF4-16B1C4D7E972","5D2E8078-991C-458C-A684-944D1BB61337","8704DF75-D444-4531-9FD1-A2E71CC43BA5"],"RemoteDesktopUsers":[],"LocalAdmins":[],"DcomUsers":[],"PSRemoteUsers":[],"ObjectIdentifier":"33D32D70-6BF8-4411-8B7B-3735EDD46CAE","Aces":[{"PrincipalSID":"S-1-5-21-3906589501-690843102-3982269896-512","PrincipalType":"Group","RightName":"Owner","AceType":"","IsInherited":false},{"PrincipalSID":"S-1-5-21-3906589501-690843102-3982269896-512","PrincipalType":"Group","RightName":"GenericAll","AceType":"","IsInherited":false},{"PrincipalSID":"S-1-5-21-3906589501-690843102-3982269896-519","PrincipalType":"Group","RightName":"GenericAll","AceType":"","IsInherited":true},{"PrincipalSID":"S-1-5-21-3906589501-690843102-3982269896-1208","PrincipalType":"Unknown","RightName":"GenericAll","AceType":"","IsInherited":true},{"PrincipalSID":"THROWBACK.LOCAL-S-1-5-32-544","PrincipalType":"Group","RightName":"WriteDacl","AceType":"","IsInherited":true},{"PrincipalSID":"THROWBACK.LOCAL-S-1-5-32-544","PrincipalType":"Group","RightName":"WriteOwner","AceType":"","IsInherited":true}]},{"Properties":{"highvalue":false,"name":"ADMIN@THROWBACK.LOCAL","domain":"THROWBACK.LOCAL","objectid":"CED63353-682F-4A26-8A42-D5797944DA55","distinguishedname":"OU=Admin,DC=THROWBACK,DC=local","description":null,"blocksinheritance":false},"Links":[],"ACLProtected":false,"Users":["S-1-5-21-3906589501-690843102-3982269896-500","S-1-5-21-3906589501-690843102-3982269896-1206","S-1-5-21-3906589501-690843102-3982269896-502"],"Computers":[],"ChildOus":[],"RemoteDesktopUsers":[],"LocalAdmins":[],"DcomUsers":[],"PSRemoteUsers":[],"ObjectIdentifier":"CED63353-682F-4A26-8A42-D5797944DA55","Aces":[{"PrincipalSID":"S-1-5-21-3906589501-690843102-3982269896-512","PrincipalType":"Group","RightName":"Owner","AceType":"","IsInherited":false},{"PrincipalSID":"S-1-5-21-3906589501-690843102-3982269896-512","PrincipalType":"Group","RightName":"GenericAll","AceType":"","IsInherited":false},{"PrincipalSID":"S-1-5-21-3906589501-690843102-3982269896-519","PrincipalType":"Group","RightName":"GenericAll","AceType":"","IsInherited":true},{"PrincipalSID":"S-1-5-21-3906589501-690843102-3982269896-1208","PrincipalType":"Unknown","RightName":"GenericAll","AceType":"","IsInherited":true},{"PrincipalSID":"THROWBACK.LOCAL-S-1-5-32-544","PrincipalType":"Group","RightName":"WriteDacl","AceType":"","IsInherited":true},{"PrincipalSID":"THROWBACK.LOCAL-S-1-5-32-544","PrincipalType":"Group","RightName":"WriteOwner","AceType":"","IsInherited":true}]},{"Properties":{"highvalue":false,"name":"TIER 2@THROWBACK.LOCAL","domain":"THROWBACK.LOCAL","objectid":"A39C56DE-8CB4-4209-869E-1F8B4AD163AF","distinguishedname":"OU=Tier 2,DC=THROWBACK,DC=local","description":null,"blocksinheritance":false},"Links":[],"ACLProtected":false,"Users":[],"Computers":[],"ChildOus":["9474DD4D-11B3-48A5-B7CB-DD695B188B50","17790FB9-2DF9-48EC-8CB3-09BC4EEF709F","CEC12E76-4D1A-4491-9207-C9E12DE78068","26ECDBA8-E3DC-44BC-BF10-AA9F50E23063","E43A7289-E3AD-495A-A391-48C88A1B6299","AE667D7E-AF85-4E1C-A76E-A908762C8D79"],"RemoteDesktopUsers":[],"LocalAdmins":[],"DcomUsers":[],"PSRemoteUsers":[],"ObjectIdentifier":"A39C56DE-8CB4-4209-869E-1F8B4AD163AF","Aces":[{"PrincipalSID":"S-1-5-21-3906589501-690843102-3982269896-512","PrincipalType":"Group","RightName":"Owner","AceType":"","IsInherited":false},{"PrincipalSID":"S-1-5-21-3906589501-690843102-3982269896-512","PrincipalType":"Group","RightName":"GenericAll","AceType":"","IsInherited":false},{"PrincipalSID":"S-1-5-21-3906589501-690843102-3982269896-519","PrincipalType":"Group","RightName":"GenericAll","AceType":"","IsInherited":true},{"PrincipalSID":"S-1-5-21-3906589501-690843102-3982269896-1208","PrincipalType":"Unknown","RightName":"GenericAll","AceType":"","IsInherited":true},{"PrincipalSID":"THROWBACK.LOCAL-S-1-5-32-544","PrincipalType":"Group","RightName":"WriteDacl","AceType":"","IsInherited":true},{"PrincipalSID":"THROWBACK.LOCAL-S-1-5-32-544","PrincipalType":"Group","RightName":"WriteOwner","AceType":"","IsInherited":true}]},{"Properties":{"highvalue":false,"name":"ESM@THROWBACK.LOCAL","domain":"THROWBACK.LOCAL","objectid":"17790FB9-2DF9-48EC-8CB3-09BC4EEF709F","distinguishedname":"OU=ESM,OU=Tier 2,DC=THROWBACK,DC=local","description":"Endpoint System Management","blocksinheritance":false},"Links":[],"ACLProtected":false,"Users":["S-1-5-21-3906589501-690843102-3982269896-1161","S-1-5-21-3906589501-690843102-3982269896-1162","S-1-5-21-3906589501-690843102-3982269896-1160","S-1-5-21-3906589501-690843102-3982269896-1163","S-1-5-21-3906589501-690843102-3982269896-1164"],"Computers":[],"ChildOus":[],"RemoteDesktopUsers":[],"LocalAdmins":[],"DcomUsers":[],"PSRemoteUsers":[],"ObjectIdentifier":"17790FB9-2DF9-48EC-8CB3-09BC4EEF709F","Aces":[{"PrincipalSID":"S-1-5-21-3906589501-690843102-3982269896-512","PrincipalType":"Group","RightName":"Owner","AceType":"","IsInherited":false},{"PrincipalSID":"S-1-5-21-3906589501-690843102-3982269896-512","PrincipalType":"Group","RightName":"GenericAll","AceType":"","IsInherited":false},{"PrincipalSID":"S-1-5-21-3906589501-690843102-3982269896-519","PrincipalType":"Group","RightName":"GenericAll","AceType":"","IsInherited":true},{"PrincipalSID":"S-1-5-21-3906589501-690843102-3982269896-1208","PrincipalType":"Unknown","RightName":"GenericAll","AceType":"","IsInherited":true},{"PrincipalSID":"THROWBACK.LOCAL-S-1-5-32-544","PrincipalType":"Group","RightName":"WriteDacl","AceType":"","IsInherited":true},{"PrincipalSID":"THROWBACK.LOCAL-S-1-5-32-544","PrincipalType":"Group","RightName":"WriteOwner","AceType":"","IsInherited":true}]},{"Properties":{"highvalue":false,"name":"FIN@THROWBACK.LOCAL","domain":"THROWBACK.LOCAL","objectid":"CEC12E76-4D1A-4491-9207-C9E12DE78068","distinguishedname":"OU=FIN,OU=Tier 2,DC=THROWBACK,DC=local","description":"Finance","blocksinheritance":false},"Links":[],"ACLProtected":false,"Users":["S-1-5-21-3906589501-690843102-3982269896-1168","S-1-5-21-3906589501-690843102-3982269896-1167","S-1-5-21-3906589501-690843102-3982269896-1171","S-1-5-21-3906589501-690843102-3982269896-1172","S-1-5-21-3906589501-690843102-3982269896-1173"],"Computers":[],"ChildOus":[],"RemoteDesktopUsers":[],"LocalAdmins":[],"DcomUsers":[],"PSRemoteUsers":[],"ObjectIdentifier":"CEC12E76-4D1A-4491-9207-C9E12DE78068","Aces":[{"PrincipalSID":"S-1-5-21-3906589501-690843102-3982269896-512","PrincipalType":"Group","RightName":"Owner","AceType":"","IsInherited":false},{"PrincipalSID":"S-1-5-21-3906589501-690843102-3982269896-512","PrincipalType":"Group","RightName":"GenericAll","AceType":"","IsInherited":false},{"PrincipalSID":"S-1-5-21-3906589501-690843102-3982269896-519","PrincipalType":"Group","RightName":"GenericAll","AceType":"","IsInherited":true},{"PrincipalSID":"S-1-5-21-3906589501-690843102-3982269896-1208","PrincipalType":"Unknown","RightName":"GenericAll","AceType":"","IsInherited":true},{"PrincipalSID":"THROWBACK.LOCAL-S-1-5-32-544","PrincipalType":"Group","RightName":"WriteDacl","AceType":"","IsInherited":true},{"PrincipalSID":"THROWBACK.LOCAL-S-1-5-32-544","PrincipalType":"Group","RightName":"WriteOwner","AceType":"","IsInherited":true}]},{"Properties":{"highvalue":false,"name":"HRE@THROWBACK.LOCAL","domain":"THROWBACK.LOCAL","objectid":"26ECDBA8-E3DC-44BC-BF10-AA9F50E23063","distinguishedname":"OU=HRE,OU=Tier 2,DC=THROWBACK,DC=local","description":"Human Relations","blocksinheritance":false},"Links":[],"ACLProtected":false,"Users":["S-1-5-21-3906589501-690843102-3982269896-1177","S-1-5-21-3906589501-690843102-3982269896-1179","S-1-5-21-3906589501-690843102-3982269896-1175","S-1-5-21-3906589501-690843102-3982269896-1176","S-1-5-21-3906589501-690843102-3982269896-1178"],"Computers":[],"ChildOus":[],"RemoteDesktopUsers":[],"LocalAdmins":[],"DcomUsers":[],"PSRemoteUsers":[],"ObjectIdentifier":"26ECDBA8-E3DC-44BC-BF10-AA9F50E23063","Aces":[{"PrincipalSID":"S-1-5-21-3906589501-690843102-3982269896-512","PrincipalType":"Group","RightName":"Owner","AceType":"","IsInherited":false},{"PrincipalSID":"S-1-5-21-3906589501-690843102-3982269896-512","PrincipalType":"Group","RightName":"GenericAll","AceType":"","IsInherited":false},{"PrincipalSID":"S-1-5-21-3906589501-690843102-3982269896-519","PrincipalType":"Group","RightName":"GenericAll","AceType":"","IsInherited":true},{"PrincipalSID":"S-1-5-21-3906589501-690843102-3982269896-1208","PrincipalType":"Unknown","RightName":"GenericAll","AceType":"","IsInherited":true},{"PrincipalSID":"THROWBACK.LOCAL-S-1-5-32-544","PrincipalType":"Group","RightName":"WriteDacl","AceType":"","IsInherited":true},{"PrincipalSID":"THROWBACK.LOCAL-S-1-5-32-544","PrincipalType":"Group","RightName":"WriteOwner","AceType":"","IsInherited":true}]},{"Properties":{"highvalue":false,"name":"ESM@THROWBACK.LOCAL","domain":"THROWBACK.LOCAL","objectid":"15E84941-5482-4B45-92A7-00CC6DF2D00F","distinguishedname":"OU=ESM,OU=Tier 1,DC=THROWBACK,DC=local","description":"Enpoint Security Management","blocksinheritance":false},"Links":[],"ACLProtected":false,"Users":["S-1-5-21-3906589501-690843102-3982269896-1137","S-1-5-21-3906589501-690843102-3982269896-1141","S-1-5-21-3906589501-690843102-3982269896-1138","S-1-5-21-3906589501-690843102-3982269896-1139","S-1-5-21-3906589501-690843102-3982269896-1140"],"Computers":[],"ChildOus":[],"RemoteDesktopUsers":[],"LocalAdmins":[],"DcomUsers":[],"PSRemoteUsers":[],"ObjectIdentifier":"15E84941-5482-4B45-92A7-00CC6DF2D00F","Aces":[{"PrincipalSID":"S-1-5-21-3906589501-690843102-3982269896-512","PrincipalType":"Group","RightName":"Owner","AceType":"","IsInherited":false},{"PrincipalSID":"S-1-5-21-3906589501-690843102-3982269896-512","PrincipalType":"Group","RightName":"GenericAll","AceType":"","IsInherited":false},{"PrincipalSID":"S-1-5-21-3906589501-690843102-3982269896-519","PrincipalType":"Group","RightName":"GenericAll","AceType":"","IsInherited":true},{"PrincipalSID":"S-1-5-21-3906589501-690843102-3982269896-1208","PrincipalType":"Unknown","RightName":"GenericAll","AceType":"","IsInherited":true},{"PrincipalSID":"THROWBACK.LOCAL-S-1-5-32-544","PrincipalType":"Group","RightName":"WriteDacl","AceType":"","IsInherited":true},{"PrincipalSID":"THROWBACK.LOCAL-S-1-5-32-544","PrincipalType":"Group","RightName":"WriteOwner","AceType":"","IsInherited":true}]},{"Properties":{"highvalue":false,"name":"ITS@THROWBACK.LOCAL","domain":"THROWBACK.LOCAL","objectid":"E43A7289-E3AD-495A-A391-48C88A1B6299","distinguishedname":"OU=ITS,OU=Tier 2,DC=THROWBACK,DC=local","description":"Information Technology Services","blocksinheritance":false},"Links":[],"ACLProtected":false,"Users":["S-1-5-21-3906589501-690843102-3982269896-1152","S-1-5-21-3906589501-690843102-3982269896-1182","S-1-5-21-3906589501-690843102-3982269896-1180","S-1-5-21-3906589501-690843102-3982269896-1114","S-1-5-21-3906589501-690843102-3982269896-1181"],"Computers":[],"ChildOus":[],"RemoteDesktopUsers":[],"LocalAdmins":[],"DcomUsers":[],"PSRemoteUsers":[],"ObjectIdentifier":"E43A7289-E3AD-495A-A391-48C88A1B6299","Aces":[{"PrincipalSID":"S-1-5-21-3906589501-690843102-3982269896-512","PrincipalType":"Group","RightName":"Owner","AceType":"","IsInherited":false},{"PrincipalSID":"S-1-5-21-3906589501-690843102-3982269896-512","PrincipalType":"Group","RightName":"GenericAll","AceType":"","IsInherited":false},{"PrincipalSID":"S-1-5-21-3906589501-690843102-3982269896-519","PrincipalType":"Group","RightName":"GenericAll","AceType":"","IsInherited":true},{"PrincipalSID":"S-1-5-21-3906589501-690843102-3982269896-1208","PrincipalType":"Unknown","RightName":"GenericAll","AceType":"","IsInherited":true},{"PrincipalSID":"THROWBACK.LOCAL-S-1-5-32-544","PrincipalType":"Group","RightName":"WriteDacl","AceType":"","IsInherited":true},{"PrincipalSID":"THROWBACK.LOCAL-S-1-5-32-544","PrincipalType":"Group","RightName":"WriteOwner","AceType":"","IsInherited":true}]},{"Properties":{"highvalue":false,"name":"SEC@THROWBACK.LOCAL","domain":"THROWBACK.LOCAL","objectid":"AE667D7E-AF85-4E1C-A76E-A908762C8D79","distinguishedname":"OU=SEC,OU=Tier 2,DC=THROWBACK,DC=local","description":"Information Security","blocksinheritance":false},"Links":[],"ACLProtected":false,"Users":["S-1-5-21-3906589501-690843102-3982269896-1185","S-1-5-21-3906589501-690843102-3982269896-1187","S-1-5-21-3906589501-690843102-3982269896-1186","S-1-5-21-3906589501-690843102-3982269896-1183","S-1-5-21-3906589501-690843102-3982269896-1184"],"Computers":[],"ChildOus":[],"RemoteDesktopUsers":[],"LocalAdmins":[],"DcomUsers":[],"PSRemoteUsers":[],"ObjectIdentifier":"AE667D7E-AF85-4E1C-A76E-A908762C8D79","Aces":[{"PrincipalSID":"S-1-5-21-3906589501-690843102-3982269896-512","PrincipalType":"Group","RightName":"Owner","AceType":"","IsInherited":false},{"PrincipalSID":"S-1-5-21-3906589501-690843102-3982269896-512","PrincipalType":"Group","RightName":"GenericAll","AceType":"","IsInherited":false},{"PrincipalSID":"S-1-5-21-3906589501-690843102-3982269896-519","PrincipalType":"Group","RightName":"GenericAll","AceType":"","IsInherited":true},{"PrincipalSID":"S-1-5-21-3906589501-690843102-3982269896-1208","PrincipalType":"Unknown","RightName":"GenericAll","AceType":"","IsInherited":true},{"PrincipalSID":"THROWBACK.LOCAL-S-1-5-32-544","PrincipalType":"Group","RightName":"WriteDacl","AceType":"","IsInherited":true},{"PrincipalSID":"THROWBACK.LOCAL-S-1-5-32-544","PrincipalType":"Group","RightName":"WriteOwner","AceType":"","IsInherited":true}]},{"Properties":{"highvalue":false,"name":"FIN@THROWBACK.LOCAL","domain":"THROWBACK.LOCAL","objectid":"F1CE1E0A-7011-448E-A4E6-1E94D81ADDBB","distinguishedname":"OU=FIN,OU=Tier 1,DC=THROWBACK,DC=local","description":"Finance","blocksinheritance":false},"Links":[],"ACLProtected":false,"Users":["S-1-5-21-3906589501-690843102-3982269896-1144","S-1-5-21-3906589501-690843102-3982269896-1146","S-1-5-21-3906589501-690843102-3982269896-1145","S-1-5-21-3906589501-690843102-3982269896-1142","S-1-5-21-3906589501-690843102-3982269896-1143"],"Computers":[],"ChildOus":[],"RemoteDesktopUsers":[],"LocalAdmins":[],"DcomUsers":[],"PSRemoteUsers":[],"ObjectIdentifier":"F1CE1E0A-7011-448E-A4E6-1E94D81ADDBB","Aces":[{"PrincipalSID":"S-1-5-21-3906589501-690843102-3982269896-512","PrincipalType":"Group","RightName":"Owner","AceType":"","IsInherited":false},{"PrincipalSID":"S-1-5-21-3906589501-690843102-3982269896-512","PrincipalType":"Group","RightName":"GenericAll","AceType":"","IsInherited":false},{"PrincipalSID":"S-1-5-21-3906589501-690843102-3982269896-519","PrincipalType":"Group","RightName":"GenericAll","AceType":"","IsInherited":true},{"PrincipalSID":"S-1-5-21-3906589501-690843102-3982269896-1208","PrincipalType":"Unknown","RightName":"GenericAll","AceType":"","IsInherited":true},{"PrincipalSID":"THROWBACK.LOCAL-S-1-5-32-544","PrincipalType":"Group","RightName":"WriteDacl","AceType":"","IsInherited":true},{"PrincipalSID":"THROWBACK.LOCAL-S-1-5-32-544","PrincipalType":"Group","RightName":"WriteOwner","AceType":"","IsInherited":true}]},{"Properties":{"highvalue":false,"name":"HRE@THROWBACK.LOCAL","domain":"THROWBACK.LOCAL","objectid":"7748B3D2-93E6-4F46-8CF4-16B1C4D7E972","distinguishedname":"OU=HRE,OU=Tier 1,DC=THROWBACK,DC=local","description":"Human Relations","blocksinheritance":false},"Links":[],"ACLProtected":false,"Users":["S-1-5-21-3906589501-690843102-3982269896-1149","S-1-5-21-3906589501-690843102-3982269896-1147","S-1-5-21-3906589501-690843102-3982269896-1202","S-1-5-21-3906589501-690843102-3982269896-1151","S-1-5-21-3906589501-690843102-3982269896-1150","S-1-5-21-3906589501-690843102-3982269896-1148"],"Computers":[],"ChildOus":[],"RemoteDesktopUsers":[],"LocalAdmins":[],"DcomUsers":[],"PSRemoteUsers":[],"ObjectIdentifier":"7748B3D2-93E6-4F46-8CF4-16B1C4D7E972","Aces":[{"PrincipalSID":"S-1-5-21-3906589501-690843102-3982269896-512","PrincipalType":"Group","RightName":"Owner","AceType":"","IsInherited":false},{"PrincipalSID":"S-1-5-21-3906589501-690843102-3982269896-512","PrincipalType":"Group","RightName":"GenericAll","AceType":"","IsInherited":false},{"PrincipalSID":"S-1-5-21-3906589501-690843102-3982269896-519","PrincipalType":"Group","RightName":"GenericAll","AceType":"","IsInherited":true},{"PrincipalSID":"S-1-5-21-3906589501-690843102-3982269896-1208","PrincipalType":"Unknown","RightName":"GenericAll","AceType":"","IsInherited":true},{"PrincipalSID":"THROWBACK.LOCAL-S-1-5-32-544","PrincipalType":"Group","RightName":"WriteDacl","AceType":"","IsInherited":true},{"PrincipalSID":"THROWBACK.LOCAL-S-1-5-32-544","PrincipalType":"Group","RightName":"WriteOwner","AceType":"","IsInherited":true}]},{"Properties":{"highvalue":false,"name":"SEC@THROWBACK.LOCAL","domain":"THROWBACK.LOCAL","objectid":"8704DF75-D444-4531-9FD1-A2E71CC43BA5","distinguishedname":"OU=SEC,OU=Tier 1,DC=THROWBACK,DC=local","description":"Information Security","blocksinheritance":false},"Links":[],"ACLProtected":false,"Users":["S-1-5-21-3906589501-690843102-3982269896-1157","S-1-5-21-3906589501-690843102-3982269896-1159","S-1-5-21-3906589501-690843102-3982269896-1128","S-1-5-21-3906589501-690843102-3982269896-1158"],"Computers":[],"ChildOus":[],"RemoteDesktopUsers":[],"LocalAdmins":[],"DcomUsers":[],"PSRemoteUsers":[],"ObjectIdentifier":"8704DF75-D444-4531-9FD1-A2E71CC43BA5","Aces":[{"PrincipalSID":"S-1-5-21-3906589501-690843102-3982269896-512","PrincipalType":"Group","RightName":"Owner","AceType":"","IsInherited":false},{"PrincipalSID":"S-1-5-21-3906589501-690843102-3982269896-512","PrincipalType":"Group","RightName":"GenericAll","AceType":"","IsInherited":false},{"PrincipalSID":"S-1-5-21-3906589501-690843102-3982269896-519","PrincipalType":"Group","RightName":"GenericAll","AceType":"","IsInherited":true},{"PrincipalSID":"S-1-5-21-3906589501-690843102-3982269896-1208","PrincipalType":"Unknown","RightName":"GenericAll","AceType":"","IsInherited":true},{"PrincipalSID":"THROWBACK.LOCAL-S-1-5-32-544","PrincipalType":"Group","RightName":"WriteDacl","AceType":"","IsInherited":true},{"PrincipalSID":"THROWBACK.LOCAL-S-1-5-32-544","PrincipalType":"Group","RightName":"WriteOwner","AceType":"","IsInherited":true}]},{"Properties":{"highvalue":false,"name":"ITS@THROWBACK.LOCAL","domain":"THROWBACK.LOCAL","objectid":"5D2E8078-991C-458C-A684-944D1BB61337","distinguishedname":"OU=ITS,OU=Tier 1,DC=THROWBACK,DC=local","description":"Information Technology Services","blocksinheritance":false},"Links":[],"ACLProtected":false,"Users":["S-1-5-21-3906589501-690843102-3982269896-1204","S-1-5-21-3906589501-690843102-3982269896-1155","S-1-5-21-3906589501-690843102-3982269896-1201","S-1-5-21-3906589501-690843102-3982269896-1156","S-1-5-21-3906589501-690843102-3982269896-1116","S-1-5-21-3906589501-690843102-3982269896-1153","S-1-5-21-3906589501-690843102-3982269896-1154"],"Computers":[],"ChildOus":[],"RemoteDesktopUsers":[],"LocalAdmins":[],"DcomUsers":[],"PSRemoteUsers":[],"ObjectIdentifier":"5D2E8078-991C-458C-A684-944D1BB61337","Aces":[{"PrincipalSID":"S-1-5-21-3906589501-690843102-3982269896-512","PrincipalType":"Group","RightName":"Owner","AceType":"","IsInherited":false},{"PrincipalSID":"S-1-5-21-3906589501-690843102-3982269896-512","PrincipalType":"Group","RightName":"GenericAll","AceType":"","IsInherited":false},{"PrincipalSID":"S-1-5-21-3906589501-690843102-3982269896-519","PrincipalType":"Group","RightName":"GenericAll","AceType":"","IsInherited":true},{"PrincipalSID":"S-1-5-21-3906589501-690843102-3982269896-1208","PrincipalType":"Unknown","RightName":"GenericAll","AceType":"","IsInherited":true},{"PrincipalSID":"THROWBACK.LOCAL-S-1-5-32-544","PrincipalType":"Group","RightName":"WriteDacl","AceType":"","IsInherited":true},{"PrincipalSID":"THROWBACK.LOCAL-S-1-5-32-544","PrincipalType":"Group","RightName":"WriteOwner","AceType":"","IsInherited":true}]},{"Properties":{"highvalue":false,"name":"CRP@THROWBACK.LOCAL","domain":"THROWBACK.LOCAL","objectid":"9474DD4D-11B3-48A5-B7CB-DD695B188B50","distinguishedname":"OU=CRP,OU=Tier 2,DC=THROWBACK,DC=local","description":"Corporate","blocksinheritance":false},"Links":[],"ACLProtected":false,"Users":["S-1-5-21-3906589501-690843102-3982269896-1190","S-1-5-21-3906589501-690843102-3982269896-1189","S-1-5-21-3906589501-690843102-3982269896-1188","S-1-5-21-3906589501-690843102-3982269896-1191","S-1-5-21-3906589501-690843102-3982269896-1115"],"Computers":[],"ChildOus":[],"RemoteDesktopUsers":[],"LocalAdmins":[],"DcomUsers":[],"PSRemoteUsers":[],"ObjectIdentifier":"9474DD4D-11B3-48A5-B7CB-DD695B188B50","Aces":[{"PrincipalSID":"S-1-5-21-3906589501-690843102-3982269896-512","PrincipalType":"Group","RightName":"Owner","AceType":"","IsInherited":false},{"PrincipalSID":"S-1-5-21-3906589501-690843102-3982269896-512","PrincipalType":"Group","RightName":"GenericAll","AceType":"","IsInherited":false},{"PrincipalSID":"S-1-5-21-3906589501-690843102-3982269896-519","PrincipalType":"Group","RightName":"GenericAll","AceType":"","IsInherited":true},{"PrincipalSID":"S-1-5-21-3906589501-690843102-3982269896-1208","PrincipalType":"Unknown","RightName":"GenericAll","AceType":"","IsInherited":true},{"PrincipalSID":"THROWBACK.LOCAL-S-1-5-32-544","PrincipalType":"Group","RightName":"WriteDacl","AceType":"","IsInherited":true},{"PrincipalSID":"THROWBACK.LOCAL-S-1-5-32-544","PrincipalType":"Group","RightName":"WriteOwner","AceType":"","IsInherited":true}]},{"Properties":{"highvalue":false,"name":"LAB-MASTER@THROWBACK.LOCAL","domain":"THROWBACK.LOCAL","objectid":"02B16EC3-5071-4F69-B39C-337029F474BE","distinguishedname":"OU=Lab-Master,DC=THROWBACK,DC=local","description":null,"blocksinheritance":false},"Links":[],"ACLProtected":false,"Users":["S-1-5-21-3906589501-690843102-3982269896-1197","S-1-5-21-3906589501-690843102-3982269896-1205"],"Computers":[],"ChildOus":[],"RemoteDesktopUsers":[],"LocalAdmins":[],"DcomUsers":[],"PSRemoteUsers":[],"ObjectIdentifier":"02B16EC3-5071-4F69-B39C-337029F474BE","Aces":[{"PrincipalSID":"S-1-5-21-3906589501-690843102-3982269896-512","PrincipalType":"Group","RightName":"Owner","AceType":"","IsInherited":false},{"PrincipalSID":"S-1-5-21-3906589501-690843102-3982269896-512","PrincipalType":"Group","RightName":"GenericAll","AceType":"","IsInherited":false},{"PrincipalSID":"S-1-5-21-3906589501-690843102-3982269896-519","PrincipalType":"Group","RightName":"GenericAll","AceType":"","IsInherited":true},{"PrincipalSID":"S-1-5-21-3906589501-690843102-3982269896-1208","PrincipalType":"Unknown","RightName":"GenericAll","AceType":"","IsInherited":true},{"PrincipalSID":"THROWBACK.LOCAL-S-1-5-32-544","PrincipalType":"Group","RightName":"WriteDacl","AceType":"","IsInherited":true},{"PrincipalSID":"THROWBACK.LOCAL-S-1-5-32-544","PrincipalType":"Group","RightName":"WriteOwner","AceType":"","IsInherited":true}]}],"meta":{"count":19,"type":"ous","version":3}}