﻿{"computers":[{"Properties":{"haslaps":false,"highvalue":false,"name":"THROWBACK-TIME.THROWBACK.LOCAL","domain":"THROWBACK.LOCAL","objectid":"S-1-5-21-3906589501-690843102-3982269896-1119","distinguishedname":"CN=THROWBACK-TIME,CN=Computers,DC=THROWBACK,DC=local","description":null,"enabled":true,"unconstraineddelegation":false,"serviceprincipalnames":["Dfsr-12F9A27C-BF97-4787-9364-D31B6C55EB04/THROWBACK-TIME.THROWBACK.local","WSMAN/THROWBACK-TIME.THROWBACK.local","TERMSRV/THROWBACK-TIME.THROWBACK.local","RestrictedKrbHost/THROWBACK-TIME.THROWBACK.local","HOST/THROWBACK-TIME.THROWBACK.local","WSMAN/THROWBACK-TIME","TERMSRV/THROWBACK-TIME","RestrictedKrbHost/THROWBACK-TIME","HOST/THROWBACK-TIME"],"lastlogontimestamp":1623870115,"pwdlastset":1597029949,"operatingsystem":"Windows Server 2019 Datacenter"},"AllowedToDelegate":[],"AllowedToAct":[],"PrimaryGroupSid":"S-1-5-21-3906589501-690843102-3982269896-515","Sessions":[],"LocalAdmins":[],"RemoteDesktopUsers":[],"DcomUsers":[],"PSRemoteUsers":[],"ObjectIdentifier":"S-1-5-21-3906589501-690843102-3982269896-1119","Aces":[{"PrincipalSID":"S-1-5-21-3906589501-690843102-3982269896-512","PrincipalType":"Group","RightName":"Owner","AceType":"","IsInherited":false},{"PrincipalSID":"THROWBACK.LOCAL-S-1-5-32-548","PrincipalType":"Group","RightName":"GenericAll","AceType":"","IsInherited":false},{"PrincipalSID":"S-1-5-21-3906589501-690843102-3982269896-512","PrincipalType":"Group","RightName":"GenericAll","AceType":"","IsInherited":false},{"PrincipalSID":"S-1-5-21-3906589501-690843102-3982269896-519","PrincipalType":"Group","RightName":"GenericAll","AceType":"","IsInherited":true},{"PrincipalSID":"S-1-5-21-3906589501-690843102-3982269896-1208","PrincipalType":"Unknown","RightName":"GenericAll","AceType":"","IsInherited":true},{"PrincipalSID":"THROWBACK.LOCAL-S-1-5-32-544","PrincipalType":"Group","RightName":"WriteDacl","AceType":"","IsInherited":true},{"PrincipalSID":"THROWBACK.LOCAL-S-1-5-32-544","PrincipalType":"Group","RightName":"WriteOwner","AceType":"","IsInherited":true},{"PrincipalSID":"THROWBACK.LOCAL-S-1-5-32-544","PrincipalType":"Group","RightName":"GenericWrite","AceType":"","IsInherited":true}]},{"Properties":{"haslaps":false,"highvalue":false,"name":"THROWBACK-DC01.THROWBACK.LOCAL","domain":"THROWBACK.LOCAL","objectid":"S-1-5-21-3906589501-690843102-3982269896-1008","distinguishedname":"CN=THROWBACK-DC01,OU=Domain Controllers,DC=THROWBACK,DC=local","description":null,"enabled":true,"unconstraineddelegation":true,"serviceprincipalnames":["Dfsr-12F9A27C-BF97-4787-9364-D31B6C55EB04/THROWBACK-DC01.THROWBACK.local","ldap/THROWBACK-DC01/ForestDnsZones.THROWBACK.local","HOST/THROWBACK-DC01/THROWBACK.local","ldap/THROWBACK-DC01/DomainDnsZones.THROWBACK.local","GC/THROWBACK-DC01/THROWBACK.local","ldap/THROWBACK-DC01/THROWBACK.local","HOST/THROWBACK-DC01/THROWBACK","ldap/THROWBACK-DC01/THROWBACK","ldap/THROWBACK-DC01.THROWBACK.local/ForestDnsZones.THROWBACK.local","ldap/THROWBACK-DC01.THROWBACK.local/DomainDnsZones.THROWBACK.local","TERMSRV/THROWBACK-DC01","TERMSRV/THROWBACK-DC01.THROWBACK.local","DNS/THROWBACK-DC01.THROWBACK.local","GC/THROWBACK-DC01.THROWBACK.local/THROWBACK.local","RestrictedKrbHost/THROWBACK-DC01.THROWBACK.local","RestrictedKrbHost/THROWBACK-DC01","HOST/THROWBACK-DC01.THROWBACK.local/THROWBACK","HOST/THROWBACK-DC01","HOST/THROWBACK-DC01.THROWBACK.local","HOST/THROWBACK-DC01.THROWBACK.local/THROWBACK.local","ldap/THROWBACK-DC01.THROWBACK.local/THROWBACK","ldap/THROWBACK-DC01","ldap/THROWBACK-DC01.THROWBACK.local","ldap/THROWBACK-DC01.THROWBACK.local/THROWBACK.local","ldap/THROWBACK-DC/THROWBACK","HOST/THROWBACK-DC/THROWBACK.local","ldap/THROWBACK-DC/ForestDnsZones.THROWBACK.local","HOST/THROWBACK-DC/THROWBACK","ldap/TB-ADMIN-DC/ForestDnsZones.THROWBACK.local","ldap/THROWBACK-DC/DomainDnsZones.THROWBACK.local","HOST/TB-ADMIN-DC/THROWBACK.local","ldap/TB-ADMIN-DC/DomainDnsZones.THROWBACK.local","GC/TB-ADMIN-DC/THROWBACK.local","ldap/THROWBACK-DC/THROWBACK.local","GC/THROWBACK-DC/THROWBACK.local","ldap/TB-ADMIN-DC/THROWBACK.local","TERMSRV/THROWBACK-DC","RestrictedKrbHost/THROWBACK-DC","HOST/THROWBACK-DC","ldap/THROWBACK-DC","HOST/TB-ADMIN-DC/THROWBACK","ldap/TB-ADMIN-DC/THROWBACK","TERMSRV/TB-ADMIN-DC","RestrictedKrbHost/TB-ADMIN-DC","HOST/TB-ADMIN-DC","ldap/TB-ADMIN-DC","RPC/d8da39c7-0c36-45a7-92a6-7484a1b200ff._msdcs.THROWBACK.local","E3514235-4B06-11D1-AB04-00C04FC2DCD2/d8da39c7-0c36-45a7-92a6-7484a1b200ff/THROWBACK.local","ldap/d8da39c7-0c36-45a7-92a6-7484a1b200ff._msdcs.THROWBACK.local"],"lastlogontimestamp":1623870066,"pwdlastset":1623870053,"operatingsystem":"Windows Server 2019 Datacenter"},"AllowedToDelegate":[],"AllowedToAct":[],"PrimaryGroupSid":"S-1-5-21-3906589501-690843102-3982269896-516","Sessions":[],"LocalAdmins":[{"MemberId":"S-1-5-21-3906589501-690843102-3982269896-500","MemberType":"User"},{"MemberId":"S-1-5-21-3906589501-690843102-3982269896-519","MemberType":"Group"},{"MemberId":"S-1-5-21-3906589501-690843102-3982269896-512","MemberType":"Group"},{"MemberId":"S-1-5-21-3906589501-690843102-3982269896-1206","MemberType":"User"}],"RemoteDesktopUsers":[{"MemberId":"S-1-5-21-3906589501-690843102-3982269896-1111","MemberType":"User"},{"MemberId":"S-1-5-21-3906589501-690843102-3982269896-1201","MemberType":"User"},{"MemberId":"S-1-5-21-3906589501-690843102-3982269896-1206","MemberType":"User"}],"DcomUsers":[],"PSRemoteUsers":[],"ObjectIdentifier":"S-1-5-21-3906589501-690843102-3982269896-1008","Aces":[{"PrincipalSID":"S-1-5-21-3906589501-690843102-3982269896-512","PrincipalType":"Group","RightName":"Owner","AceType":"","IsInherited":false},{"PrincipalSID":"S-1-5-21-3906589501-690843102-3982269896-512","PrincipalType":"Group","RightName":"GenericAll","AceType":"","IsInherited":false},{"PrincipalSID":"S-1-5-21-3906589501-690843102-3982269896-519","PrincipalType":"Group","RightName":"GenericAll","AceType":"","IsInherited":true},{"PrincipalSID":"S-1-5-21-3906589501-690843102-3982269896-1208","PrincipalType":"Unknown","RightName":"GenericAll","AceType":"","IsInherited":true},{"PrincipalSID":"THROWBACK.LOCAL-S-1-5-32-544","PrincipalType":"Group","RightName":"WriteDacl","AceType":"","IsInherited":true},{"PrincipalSID":"THROWBACK.LOCAL-S-1-5-32-544","PrincipalType":"Group","RightName":"WriteOwner","AceType":"","IsInherited":true},{"PrincipalSID":"THROWBACK.LOCAL-S-1-5-32-544","PrincipalType":"Group","RightName":"GenericWrite","AceType":"","IsInherited":true}]},{"Properties":{"haslaps":false,"highvalue":false,"name":"THROWBACK-WS01.THROWBACK.LOCAL","domain":"THROWBACK.LOCAL","objectid":"S-1-5-21-3906589501-690843102-3982269896-1113","distinguishedname":"CN=THROWBACK-WS01,CN=Computers,DC=THROWBACK,DC=local","description":null,"enabled":true,"unconstraineddelegation":false,"serviceprincipalnames":["WSMAN/THROWBACK-WS01","WSMAN/THROWBACK-WS01.THROWBACK.local","TERMSRV/THROWBACK-WS01.THROWBACK.local","RestrictedKrbHost/THROWBACK-WS01.THROWBACK.local","HOST/THROWBACK-WS01.THROWBACK.local","TERMSRV/THROWBACK-WS01","RestrictedKrbHost/THROWBACK-WS01","HOST/THROWBACK-WS01"],"lastlogontimestamp":1623870122,"pwdlastset":1623870122,"operatingsystem":"Windows 10 Pro"},"AllowedToDelegate":[],"AllowedToAct":[],"PrimaryGroupSid":"S-1-5-21-3906589501-690843102-3982269896-515","Sessions":[],"LocalAdmins":[{"MemberId":"S-1-5-21-3906589501-690843102-3982269896-512","MemberType":"Group"}],"RemoteDesktopUsers":[],"DcomUsers":[],"PSRemoteUsers":[],"ObjectIdentifier":"S-1-5-21-3906589501-690843102-3982269896-1113","Aces":[{"PrincipalSID":"S-1-5-21-3906589501-690843102-3982269896-512","PrincipalType":"Group","RightName":"Owner","AceType":"","IsInherited":false},{"PrincipalSID":"THROWBACK.LOCAL-S-1-5-32-548","PrincipalType":"Group","RightName":"GenericAll","AceType":"","IsInherited":false},{"PrincipalSID":"S-1-5-21-3906589501-690843102-3982269896-512","PrincipalType":"Group","RightName":"GenericAll","AceType":"","IsInherited":false},{"PrincipalSID":"S-1-5-21-3906589501-690843102-3982269896-519","PrincipalType":"Group","RightName":"GenericAll","AceType":"","IsInherited":true},{"PrincipalSID":"S-1-5-21-3906589501-690843102-3982269896-1208","PrincipalType":"Unknown","RightName":"GenericAll","AceType":"","IsInherited":true},{"PrincipalSID":"THROWBACK.LOCAL-S-1-5-32-544","PrincipalType":"Group","RightName":"WriteDacl","AceType":"","IsInherited":true},{"PrincipalSID":"THROWBACK.LOCAL-S-1-5-32-544","PrincipalType":"Group","RightName":"WriteOwner","AceType":"","IsInherited":true},{"PrincipalSID":"THROWBACK.LOCAL-S-1-5-32-544","PrincipalType":"Group","RightName":"GenericWrite","AceType":"","IsInherited":true}]},{"Properties":{"haslaps":false,"highvalue":false,"name":"THROWBACK-PROD.THROWBACK.LOCAL","domain":"THROWBACK.LOCAL","objectid":"S-1-5-21-3906589501-690843102-3982269896-1112","distinguishedname":"CN=THROWBACK-PROD,CN=Computers,DC=THROWBACK,DC=local","description":null,"enabled":true,"unconstraineddelegation":false,"serviceprincipalnames":["Dfsr-12F9A27C-BF97-4787-9364-D31B6C55EB04/THROWBACK-PROD.THROWBACK.local","WSMAN/THROWBACK-PROD.THROWBACK.local","TERMSRV/THROWBACK-PROD.THROWBACK.local","RestrictedKrbHost/THROWBACK-PROD.THROWBACK.local","HOST/THROWBACK-PROD.THROWBACK.local","WSMAN/THROWBACK-PROD","TERMSRV/THROWBACK-PROD","RestrictedKrbHost/THROWBACK-PROD","HOST/THROWBACK-PROD"],"lastlogontimestamp":1597896084,"pwdlastset":1598497752,"operatingsystem":"Windows Server 2019 Datacenter"},"AllowedToDelegate":[],"AllowedToAct":[],"PrimaryGroupSid":"S-1-5-21-3906589501-690843102-3982269896-515","Sessions":[],"LocalAdmins":[],"RemoteDesktopUsers":[],"DcomUsers":[],"PSRemoteUsers":[],"ObjectIdentifier":"S-1-5-21-3906589501-690843102-3982269896-1112","Aces":[{"PrincipalSID":"S-1-5-21-3906589501-690843102-3982269896-512","PrincipalType":"Group","RightName":"Owner","AceType":"","IsInherited":false},{"PrincipalSID":"THROWBACK.LOCAL-S-1-5-32-548","PrincipalType":"Group","RightName":"GenericAll","AceType":"","IsInherited":false},{"PrincipalSID":"S-1-5-21-3906589501-690843102-3982269896-512","PrincipalType":"Group","RightName":"GenericAll","AceType":"","IsInherited":false},{"PrincipalSID":"S-1-5-21-3906589501-690843102-3982269896-519","PrincipalType":"Group","RightName":"GenericAll","AceType":"","IsInherited":true},{"PrincipalSID":"S-1-5-21-3906589501-690843102-3982269896-1208","PrincipalType":"Unknown","RightName":"GenericAll","AceType":"","IsInherited":true},{"PrincipalSID":"THROWBACK.LOCAL-S-1-5-32-544","PrincipalType":"Group","RightName":"WriteDacl","AceType":"","IsInherited":true},{"PrincipalSID":"THROWBACK.LOCAL-S-1-5-32-544","PrincipalType":"Group","RightName":"WriteOwner","AceType":"","IsInherited":true},{"PrincipalSID":"THROWBACK.LOCAL-S-1-5-32-544","PrincipalType":"Group","RightName":"GenericWrite","AceType":"","IsInherited":true}]}],"meta":{"count":4,"type":"computers","version":3}}